{"cameraMode":{"drawMode":0,"name":"Shaded","section":"Shading Mode"},"sceneLighting":false,"audioPlay":false,"sceneViewState":{"showFog":true,"showMaterialUpdate":false,"showSkybox":false,"showFlares":true,"showImageEffects":true,"showParticleSystems":true},"in2DMode":false,"pivot":{"x":17.060001373291017,"y":0.499987930059433,"z":0.5},"rotation":{"x":-0.17450128495693208,"y":0.3493848145008087,"z":-0.06640034914016724,"w":-0.9181889891624451},"size":1.6454486846923829,"orthographic":false}